storm_id,name,year,datetime,lat,lon,vmax_kt,pmin_mb,status
AL041851,UNNAMED,1851,1851-08-23 20:15:18.375772939+00:00,29.97577176751778,-85.79938258598578,100.0,,HU
AL011852,UNNAMED,1852,1852-08-22 22:27:25.426269655+00:00,24.571264083892213,-82.84252816778442,90.0,,HU
AL031852,UNNAMED,1852,1852-09-11 21:56:03.507343657+00:00,27.96556175958188,-83.00662944250871,70.0,,HU
AL051852,UNNAMED,1852,1852-10-09 19:53:41.109485333+00:00,29.641943913298185,-84.5843257762156,90.0,,HU
AL051856,UNNAMED,1856,1856-08-31 05:27:53.773924985+00:00,30.08392858112075,-85.96249999478114,90.0,,HU
AL031858,UNNAMED,1858,1858-09-14 13:58:42.868226285+00:00,27.36157719145224,-82.83624160488444,60.0,,TS
AL071859,UNNAMED,1859,1859-10-17 15:25:21.308804702+00:00,26.3711097903482,-80.01332937104459,60.0,,TS
AL081859,UNNAMED,1859,1859-10-28 17:39:30.331774161+00:00,27.64287594254504,-82.9256729264009,80.0,,HU
AL021861,UNNAMED,1861,1861-08-16 08:01:51.231980837+00:00,24.73531092903227,-82.66913866129033,76.61517037924189,,HU
AL081861,UNNAMED,1861,1861-11-01 07:25:47.261742897+00:00,25.85741116811365,-81.8855532991318,60.0,,TS
AL071865,UNNAMED,1865,1865-10-23 12:38:22.787444203+00:00,25.12789409482759,-81.3040794288793,90.0,,HU
AL071867,UNNAMED,1867,1867-10-06 14:03:01.880600787+00:00,29.568340981448237,-83.58995411131059,70.0,,HU
AL021868,UNNAMED,1868,1868-10-04 15:28:51.421948593+00:00,29.848016202531646,-85.60793518987342,60.0,,TS
AL091870,UNNAMED,1870,1870-10-20 19:34:45.457084160+00:00,25.894747755102042,-81.90525224489795,80.0,,HU
AL031871,UNNAMED,1871,1871-08-16 22:28:35.822136218+00:00,26.97460276991097,-80.02380830973291,100.0,,HU
AL041871,UNNAMED,1871,1871-08-25 03:28:13.796275061+00:00,27.06940045110573,-80.05520360884583,90.0,,HU
AL061871,UNNAMED,1871,1871-09-06 12:25:43.093652249+00:00,29.04284365281777,-83.23573452077335,70.0,,HU
AL071871,UNNAMED,1871,1871-10-05 06:59:15.771626421+00:00,29.46576534189406,-85.15202798073837,60.0,,TS
AL051872,UNNAMED,1872,1872-10-23 07:03:34.911496453+00:00,27.758877084592143,-82.98224583081571,50.0,,TS
AL031873,UNNAMED,1873,1873-09-19 13:43:02.080258630+00:00,29.55764402628848,-84.69956147699759,70.0,,HU
AL041873,UNNAMED,1873,1873-09-23 09:07:43.573122010+00:00,27.62560960582171,-82.93079279563372,50.0,,TS
AL051873,UNNAMED,1873,1873-10-07 00:37:21.340923413+00:00,26.386739056806004,-82.313260943194,100.0,959.0,HU
AL061874,UNNAMED,1874,1874-09-28 02:29:07.697871518+00:00,28.94546603500302,-83.02019308388654,70.0,,HU
AL041875,UNNAMED,1875,1875-09-27 12:11:29.144243988+00:00,30.019137358490568,-85.86172528301887,50.0,,TS
AL051876,UNNAMED,1876,1876-10-19 22:45:46.213834785+00:00,24.473202058967836,-81.98247197855716,90.0,,HU
AL021877,UNNAMED,1877,1877-09-19 14:37:44.392709841+00:00,30.131354622111886,-87.51836638558976,70.0,,HU
AL041877,UNNAMED,1877,1877-10-03 03:32:20.976682851+00:00,29.85382911111111,-85.61693671111111,100.0,,HU
AL071877,UNNAMED,1877,1877-10-26 20:43:43.291553219+00:00,29.27283575221239,-83.35393073746312,40.0,,TS
AL011878,UNNAMED,1878,1878-07-02 14:21:12.904734650+00:00,25.978445452674897,-81.92932728395063,40.0,,TS
AL051878,UNNAMED,1878,1878-09-10 07:24:04.535350737+00:00,28.384026928934002,-82.88796409475466,90.0,,HU
AL081878,UNNAMED,1878,1878-10-10 20:32:04.613217368+00:00,29.791198248483255,-85.58651728831443,50.0,,TS
AL111878,UNNAMED,1878,1878-10-21 19:43:25.115921457+00:00,24.830337815868486,-80.65572974730522,70.0,,HU
AL061879,UNNAMED,1879,1879-10-16 07:19:46.935206887+00:00,30.232383400809717,-86.53295336032389,50.0,,TS
AL071879,UNNAMED,1879,1879-10-27 20:31:02.446804470+00:00,28.871008426812587,-82.92573525307797,60.0,,TS
AL041880,UNNAMED,1880,1880-08-29 11:04:48.508353213+00:00,28.18466332958346,-80.5233166479173,90.0,,HU
AL061880,UNNAMED,1880,1880-09-08 15:30:46.094141816+00:00,29.665773579072532,-83.72202401902497,50.0,,TS
AL091880,UNNAMED,1880,1880-10-08 17:12:09.381379184+00:00,28.740072333028362,-82.91323688929552,70.0,,HU
AL021882,UNNAMED,1882,1882-09-10 01:04:01.693413102+00:00,30.213363626565222,-86.93997728007608,110.0,949.0,HU
AL061882,UNNAMED,1882,1882-10-11 02:21:14.986793289+00:00,29.335357933794107,-83.42348154965441,70.0,,HU
AL031885,UNNAMED,1885,1885-08-30 22:18:43.767806247+00:00,30.044891528822056,-85.8928796491228,50.0,,TS
AL041885,UNNAMED,1885,1885-09-21 11:36:35.927510403+00:00,29.954370400972827,-85.75644433952172,50.0,,TS
AL081885,UNNAMED,1885,1885-10-11 20:55:38.601029429+00:00,29.185371476997584,-83.3073142615012,60.0,,TS
AL021886,UNNAMED,1886,1886-06-21 10:11:26.807178830+00:00,29.905741971830984,-84.01618816901409,85.0,,HU
AL031886,UNNAMED,1886,1886-06-30 20:21:25.482412462+00:00,29.50687039624755,-85.37167075889107,85.0,,HU
AL041886,UNNAMED,1886,1886-07-18 21:19:57.708888147+00:00,28.21080799999998,-83.02236,70.0,,HU
AL041887,UNNAMED,1887,1887-07-27 14:04:27.144272292+00:00,30.245660244360902,-86.66173590225563,75.0,,HU
AL161887,UNNAMED,1887,1887-10-30 00:00:39.133194673+00:00,28.00108666037736,-82.99782667924528,40.0,,TS
AL031888,UNNAMED,1888,1888-08-16 18:51:26.890405684+00:00,25.78574285714286,-80.07148571428571,110.0,,HU
AL051888,UNNAMED,1888,1888-09-07 23:12:33.155946435+00:00,26.63400896709012,-79.98121614076221,45.0,,TS
AL061888,UNNAMED,1888,1888-09-23 14:41:26.438699697+00:00,24.837834678597783,-80.64144354760148,35.0,,TS
AL071888,UNNAMED,1888,1888-10-11 00:16:49.107675319+00:00,29.05604475625823,-83.24395524374177,95.0,970.0,HU
AL021889,UNNAMED,1889,1889-06-17 14:04:45.056707888+00:00,28.94639849445325,-83.0843218066561,45.0,,TS
AL091889,UNNAMED,1889,1889-10-05 22:45:07.717813192+00:00,24.635574131483278,-81.11982334415899,35.0,,TS
AL031891,UNNAMED,1891,1891-08-24 14:43:46.839804900+00:00,25.39098576344086,-80.15492881720431,70.0,,HU
AL071891,UNNAMED,1891,1891-10-07 04:02:25.117487661+00:00,24.44067832647815,-81.66332803341902,43.366925344366116,,TS
AL081891,UNNAMED,1891,1891-10-09 21:06:29.490646952+00:00,26.276188692098092,-82.12730313351499,32.40984012802028,,TD
AL011892,UNNAMED,1892,1892-06-10 21:56:48.788023484+00:00,25.594557319078948,-81.48979682565789,40.0,,TS
AL091892,UNNAMED,1892,1892-10-24 16:56:26.061610363+00:00,27.54697232111437,-82.9297866085044,45.0,,TS
AL011893,UNNAMED,1893,1893-06-15 22:39:08.925847409+00:00,29.809360715789474,-83.81155604210527,60.0,,TS
AL041894,UNNAMED,1894,1894-09-25 17:52:06.989797111+00:00,26.271544734411098,-82.0,89.78101379495897,,HU
AL051894,UNNAMED,1894,1894-10-09 01:46:04.420188296+00:00,29.994456967323792,-85.82886885228193,105.0,,HU
AL061895,UNNAMED,1895,1895-10-16 12:17:44.540665616+00:00,25.62956243902439,-81.51131268292683,35.0,,TS
AL011896,UNNAMED,1896,1896-07-07 15:49:05.405518115+00:00,30.23449591469194,-86.54728688151658,85.0,,HU
AL041896,UNNAMED,1896,1896-09-29 10:32:27.377596115+00:00,28.99770133230054,-83.20114933384973,110.0,960.0,HU
AL051896,UNNAMED,1896,1896-10-09 01:07:09.578939828+00:00,26.311896015180263,-82.22025996204934,50.0,,TS
AL021897,UNNAMED,1897,1897-09-10 18:00:57.350952675+00:00,24.401060511363635,-81.9026512784091,60.01327568348977,,TS
AL031897,UNNAMED,1897,1897-09-21 01:11:42.567263862+00:00,26.539010798722042,-82.38049460063898,60.0,,TS
AL011898,UNNAMED,1898,1898-08-02 22:16:33.061619303+00:00,29.58392855675984,-84.6549106959498,67.82755134941998,,HU
AL021899,UNNAMED,1899,1899-08-01 15:38:25.383556547+00:00,29.59120208695652,-84.64560104347827,85.0,,HU
AL061899,UNNAMED,1899,1899-10-05 08:44:37.681496568+00:00,27.86858534255687,-83.01990260210191,50.0,,TS
AL011900,UNNAMED,1900,1900-09-06 04:02:52.938308858+00:00,24.572017858018018,-82.90688010316602,63.3733653492727,,TS
AL061900,UNNAMED,1900,1900-10-12 02:11:32.508593914+00:00,29.419163877551018,-83.54250836734694,40.0,,TS
AL011901,UNNAMED,1901,1901-06-13 18:58:41.685422414+00:00,29.63042526244954,-84.6,35.0,,TS
AL041901,UNNAMED,1901,1901-08-10 21:23:22.452189636+00:00,26.26945923422076,-80.0236480855519,40.0,,TS
AL081901,UNNAMED,1901,1901-09-17 17:43:54.766953225+00:00,30.241818196580738,-86.73580418671955,50.0,,TS
AL101901,UNNAMED,1901,1901-09-28 02:12:13.294189664+00:00,29.60797246817025,-84.62654795743906,40.0,,TS
AL011902,UNNAMED,1902,1902-06-14 22:14:49.377311290+00:00,29.679496053215082,-83.73012598669624,50.0,,TS
AL041902,UNNAMED,1902,1902-10-10 20:30:08.815179381+00:00,30.150611842990653,-87.38299342056075,50.0,,TS
AL031903,UNNAMED,1903,1903-09-13 18:04:49.485498847+00:00,29.509644239401496,-85.30482211970075,80.0,976.0,HU
AL041904,UNNAMED,1904,1904-10-17 07:27:44.346400577+00:00,25.246217889908262,-80.24621788990825,70.0,,HU
AL061904,UNNAMED,1904,1904-11-03 11:41:26.578504574+00:00,30.237966548740925,-86.77237235980226,35.0,,TS
AL011906,UNNAMED,1906,1906-06-12 18:58:27.466009689+00:00,29.843558954354155,-85.6,45.0,,TS
AL021906,UNNAMED,1906,1906-06-17 02:04:49.286546495+00:00,24.638675767123292,-81.16132423287671,70.0,,HU
AL081906,UNNAMED,1906,1906-10-18 09:42:23.244084627+00:00,24.64126188546679,-81.13671132158325,105.0,,HU
AL011907,UNNAMED,1907,1907-06-28 22:19:36.979623948+00:00,30.164977993895082,-86.15654181159935,50.0,,TS
AL021907,UNNAMED,1907,1907-09-18 17:13:19.074024809+00:00,25.435057932285368,-80.13115062394195,30.0,,TD
AL031907,UNNAMED,1907,1907-09-28 19:39:17.513536403+00:00,30.013594811140784,-85.85552933994659,45.0,,TS
AL031909,UNNAMED,1909,1909-06-28 19:37:50.901344011+00:00,25.96306959349594,-80.06306959349594,45.0,,TS
AL081909,UNNAMED,1909,1909-08-29 08:27:35.295371360+00:00,26.4,-80.00996728627229,45.0,,TS
AL101909,UNNAMED,1909,1909-09-25 19:52:13.735620751+00:00,25.95570306901128,-81.91973447577969,30.0,,TD
AL111909,UNNAMED,1909,1909-10-11 17:37:23.809032394+00:00,24.637017959183673,-81.12596408163266,100.31393309435305,,HU
AL051910,UNNAMED,1910,1910-10-17 19:00:09.250617380+00:00,24.58372314909437,-82.69978737322126,113.32905064010184,,HU
AL021911,UNNAMED,1911,1911-08-11 20:11:56.654208176+00:00,30.164867831116254,-87.31982377482167,70.0,,HU
AL061911,UNNAMED,1911,1911-10-31 23:00:06.495685910+00:00,28.749454456375837,-82.91757590604027,26.663659404670838,,TD
AL051912,UNNAMED,1912,1912-10-04 11:15:57.798095105+00:00,28.97551556515113,-83.1713910439421,30.0,,TD
AL011914,UNNAMED,1914,1914-09-17 06:54:39.789411223+00:00,30.591102336423933,-81.38220467284786,60.0,,TS
AL011915,UNNAMED,1915,1915-08-01 14:16:28.676182571+00:00,28.51366461096027,-80.48944101826712,65.0,,HU
AL041915,UNNAMED,1915,1915-09-04 09:06:07.896085306+00:00,29.5064704496788,-85.32407237687367,80.0,,HU
AL011916,UNNAMED,1916,1916-05-14 04:12:50.546343103+00:00,24.71315814404773,-80.91072880247255,33.51170054238509,,TD
AL071916,UNNAMED,1916,1916-08-25 06:47:45.044152314+00:00,25.359153344370867,-80.17957667218543,40.0,,TS
AL141916,UNNAMED,1916,1916-10-18 13:21:25.769638826+00:00,30.142817974452555,-87.43214775319343,95.0,970.0,HU
AL151916,UNNAMED,1916,1916-11-15 19:46:36.740832312+00:00,24.58373325212268,-82.31446172587074,53.51927295548318,,TS
AL041917,UNNAMED,1917,1917-09-29 00:16:26.646986791+00:00,30.227392400835072,-86.8589113987474,100.0,949.0,HU
AL011919,UNNAMED,1919,1919-07-04 09:05:47.909595991+00:00,30.209639335593216,-86.96192786711865,55.0,995.0,TS
AL021919,UNNAMED,1919,1919-09-10 05:40:30.717328725+00:00,24.583743592482552,-82.76206838245928,130.0,,HU
AL051920,UNNAMED,1920,1920-09-30 08:56:01.673145003+00:00,28.884514357541903,-82.93318351955307,55.0,,TS
AL051921,UNNAMED,1921,1921-10-15 21:29:41.430687759+00:00,26.372969262672807,-82.30162458986175,30.0,,TD
AL061921,UNNAMED,1921,1921-10-25 18:31:47.874274578+00:00,27.879459999999998,-83.02054,100.0,958.0,HU
AL051924,UNNAMED,1924,1924-09-15 11:54:41.736385122+00:00,29.595574710866345,-85.5103256746452,74.9263278669266,,HU
AL081924,UNNAMED,1924,1924-09-29 20:48:47.321393880+00:00,29.93758980935875,-84.06241019064124,55.0,,TS
AL101924,UNNAMED,1924,1924-10-21 00:31:24.863316458+00:00,25.8,-81.84764268669528,80.0,975.0,HU
AL041925,UNNAMED,1925,1925-12-01 02:42:16.718349468+00:00,26.23097693404934,-81.98874394193656,55.0,,TS
AL011926,UNNAMED,1926,1926-07-28 05:38:17.023025925+00:00,28.451702843527404,-80.46981427720463,90.0,,HU
AL071926,UNNAMED,1926,1926-09-18 11:15:48.710305959+00:00,25.526209394347244,-80.11552348586811,125.0,,HU
AL011928,UNNAMED,1928,1928-08-08 06:06:14.122252055+00:00,27.210390491310555,-80.11039049131055,85.0,977.0,HU
AL021928,UNNAMED,1928,1928-08-13 02:18:58.719722761+00:00,24.586025098926793,-81.33161505935608,60.0,,TS
AL041928,UNNAMED,1928,1928-09-16 23:53:05.442626369+00:00,26.68653648987854,-79.97691969693464,125.09596235500717,,HU
AL021929,UNNAMED,1929,1929-09-28 12:35:26.217648092+00:00,24.95905735931438,-80.45905735931439,100.0,948.0,HU
AL021930,UNNAMED,1930,1930-09-09 07:28:18.000838625+00:00,27.39808239153439,-82.85287641269841,40.0,,TS
AL031932,UNNAMED,1932,1932-08-30 03:29:10.105673906+00:00,25.261430507364977,-80.23571751227496,55.0,,TS
AL061932,UNNAMED,1932,1932-09-15 01:06:26.375279907+00:00,29.493396295264624,-85.20269524074811,50.0,,TS
AL051933,UNNAMED,1933,1933-07-30 15:29:26.325408448+00:00,27.0872617326094,-80.06178519782819,65.0,988.0,HU
AL111933,UNNAMED,1933,1933-09-04 04:28:50.791374760+00:00,26.83758385106508,-79.98557039361931,110.0,,HU
AL031934,UNNAMED,1934,1934-07-23 00:10:45.866251747+00:00,29.97001153478418,-81.24498269782373,30.0,,TD
AL111934,UNNAMED,1934,1934-10-05 23:26:57.371190712+00:00,30.135727147077105,-87.51836367226369,45.45894185400176,,TS
AL031935,UNNAMED,1935,1935-09-03 01:44:06.767777575+00:00,24.773508816261685,-80.76026322439253,160.0,892.0,HU
AL071935,UNNAMED,1935,1935-11-04 17:49:13.964387616+00:00,25.90896195211786,-80.06415219152855,85.0,,HU
AL011936,UNNAMED,1936,1936-06-15 07:16:32.637373216+00:00,25.93620338790932,-81.91722032745592,40.0,,TS
AL051936,UNNAMED,1936,1936-07-31 12:53:37.485988098+00:00,30.234047633451954,-86.54468254448398,90.0,964.0,HU
AL091936,UNNAMED,1936,1936-08-21 21:36:35.632054175+00:00,28.860937543949,-80.71210947388525,50.0,,TS
AL011937,UNNAMED,1937,1937-07-29 20:22:36.083256916+00:00,27.978183793814434,-83.00302701030928,55.0,,TS
AL031937,UNNAMED,1937,1937-08-30 13:49:26.318072180+00:00,29.091195408547364,-80.86478163418946,60.0,,TS
AL071937,UNNAMED,1937,1937-09-20 14:47:24.395133418+00:00,29.669743360245274,-85.55128319877363,35.0,,TS
AL021939,UNNAMED,1939,1939-08-13 03:05:27.101898847+00:00,30.108833999999995,-86.01177866666666,65.0,,HU
AL051941,UNNAMED,1941,1941-10-06 09:37:51.791814349+00:00,25.463054180911683,-80.09839899750713,85.0,982.0,HU
AL061941,UNNAMED,1941,1941-10-20 11:10:41.974682854+00:00,28.945194163280384,-83.04110437753971,40.0,,TS
AL131944,UNNAMED,1944,1944-10-18 20:50:34.914217245+00:00,24.56861637762238,-82.9,105.0,949.0,HU
AL011945,UNNAMED,1945,1945-06-24 07:38:08.058231437+00:00,28.581771799217734,-82.84582560625815,70.0,,HU
AL071945,UNNAMED,1945,1945-09-04 12:34:15.625815143+00:00,24.50473379349845,-82.09047874604559,35.0,,TS
AL091945,UNNAMED,1945,1945-09-15 19:11:12.351265875+00:00,25.25821705967977,-80.23732558951966,115.0,949.0,HU
AL061946,UNNAMED,1946,1946-10-08 01:01:53.599129190+00:00,27.257833136398666,-82.7453001181608,75.0,980.0,HU
AL071946,UNNAMED,1946,1946-11-01 21:28:44.735735872+00:00,26.495683506273064,-79.99568350627305,40.0,1002.0,TS
AL041947,UNNAMED,1947,1947-09-17 16:06:48.316506458+00:00,26.117168987341774,-80.04849303797468,115.0,943.0,HU
AL061947,UNNAMED,1947,1947-09-23 18:55:11.668350942+00:00,28.59196827050998,-82.85401586474501,55.0,,TS
AL071947,UNNAMED,1947,1947-10-08 04:23:50.072472454+00:00,29.89304487012987,-83.98717147727272,25.0,,TD
AL091947,UNNAMED,1947,1947-10-12 01:36:25.092143025+00:00,25.360672369389256,-81.31798289183223,80.0,975.0,HU
AL021948,UNNAMED,1948,1948-07-09 05:38:18.201011361+00:00,30.13963559577677,-87.44829152337859,35.0,,TS
AL081948,UNNAMED,1948,1948-09-22 01:00:35.987511607+00:00,25.480803897435905,-81.37979902564103,115.0,,HU
AL091948,UNNAMED,1948,1948-10-05 17:28:46.706762352+00:00,24.595756260049487,-81.2955567616213,91.30089808169981,,HU
AL021949,UNNAMED,1949,1949-08-26 22:54:25.953709895+00:00,26.586985040000002,-79.9814072,115.0,,HU
AL051950,EASY,1950,1950-09-05 13:33:58.516206580+00:00,28.893951041931388,-82.93736597204574,105.0,,HU
AL111950,KING,1950,1950-10-18 03:46:49.337222802+00:00,25.45604926108374,-80.1024197044335,112.56074290155686,,HU
AL131950,LOVE,1950,1950-10-21 09:49:26.158418870+00:00,29.417519337423315,-83.54124033128835,52.352134211738765,,TS
AL091951,HOW,1951,1951-10-02 09:28:03.068427964+00:00,26.686682753414807,-82.43317246585191,55.0,,TS
AL011952,UNNAMED,1952,1952-02-03 01:56:00.278795078+00:00,24.503604952610896,-82.09282764170241,44.83352694102678,,TS
AL011953,ALICE,1953,1953-06-06 14:29:22.855487086+00:00,30.048951111111116,-85.9,42.510317920253826,,TS
AL081953,UNNAMED,1953,1953-09-20 14:07:02.275831031+00:00,29.0,-83.20357848874599,35.0,,TS
AL091953,FLORENCE,1953,1953-09-26 14:12:17.100226177+00:00,30.193936042451217,-86.25303197877439,80.0,,HU
AL121953,HAZEL,1953,1953-10-09 14:25:36.794035233+00:00,26.6043435004075,-82.4104442991035,75.0,,HU
AL071956,FLOSSY,1956,1956-09-24 22:01:47.564255571+00:00,30.235609575679646,-86.79453701836884,80.0,,HU
AL111956,UNNAMED,1956,1956-10-15 18:53:50.392045401+00:00,24.91965214961249,-80.52991303740312,50.0,,TS
AL011957,UNNAMED,1957,1957-06-08 22:22:55.607938329+00:00,29.513206941176477,-84.81383711764705,45.0,,TS
AL051957,DEBBIE,1957,1957-09-08 16:07:38.889557777+00:00,30.195137847927533,-86.2572932281087,35.0,,TS
AL031959,UNNAMED,1959,1959-06-18 07:31:21.935735863+00:00,27.928348203566767,-83.0149553892997,40.0,1002.0,TS
AL111959,JUDITH,1959,1959-10-18 12:40:41.543072648+00:00,26.7,-82.43217936567164,55.0,998.0,TS
AL031960,BRENDA,1960,1960-07-29 05:28:35.746819567+00:00,29.595019142212188,-83.63122607223477,35.0,,TS
AL051960,DONNA,1960,1960-09-10 06:29:12.966364231+00:00,24.748689163531115,-80.84868916353112,125.0,930.0,HU
AL071960,FLORENCE,1960,1960-09-23 15:33:59.854674794+00:00,25.494198454027654,-81.38406108218064,27.9721885821283,,TD
AL011962,ALMA,1962,1962-08-26 16:24:02.388294052+00:00,26.506746612565713,-79.99336240456935,28.667219512512215,,TD
AL011964,UNNAMED,1964,1964-06-06 13:39:19.086445343+00:00,28.94788475336323,-83.09702974588939,25.0,,TD
AL051964,CLEO,1964,1964-08-27 07:33:43.212447676+00:00,25.73430017094018,-80.07810005698006,95.0,968.0,HU
AL061964,DORA,1964,1964-09-10 05:15:32.718928246+00:00,29.887646522639344,-81.2135256584754,94.38257382598297,965.7530295303932,HU
AL111964,ISBELL,1964,1964-10-14 20:23:30.212398057+00:00,25.6579554465593,-81.52175247437775,91.01379055645468,969.5944837774181,HU
AL011965,UNNAMED,1965,1965-06-15 09:58:34.843281065+00:00,30.174295532652668,-87.16674164322866,50.0,1006.7952690711703,TS
AL031965,BETSY,1965,1965-09-08 10:34:34.872318904+00:00,25.008469561610646,-80.41530438389356,99.57635342191793,952.5083758936985,HU
AL091965,UNNAMED,1965,1965-10-18 14:49:28.443033349+00:00,29.411685751340677,-81.03572836762626,55.0,1004.0,TS
AL011966,ALMA,1966,1966-06-08 18:41:18.689587208+00:00,24.583726988096796,-82.71148293675606,98.85245852444065,970.4590165902238,HU
AL121966,UNNAMED,1966,1966-07-01 19:59:25.670503233+00:00,28.94831891089109,-83.1,40.0,,TS
AL091966,INEZ,1966,1966-10-05 11:59:55.283659274+00:00,24.5,-82.99984715521434,85.0,984.3309209451886,HU
AL011968,ABBY,1968,1968-06-06 19:33:39.415519818+00:00,30.09507344390203,-81.27802937756081,55.0,992.1479650680436,TS
AL021968,BRENDA,1968,1968-06-18 02:13:30.222361368+00:00,25.11126272727272,-81.3,25.0,,TD
AL051968,DOLLY,1968,1968-08-10 06:50:17.538187924+00:00,26.053645762711866,-80.05587118644068,30.0,,TD
AL061968,UNNAMED,1968,1968-08-28 17:09:58.390903110+00:00,28.8,-82.92779268170426,25.0,,TD
AL131968,UNNAMED,1968,1968-09-27 04:46:39.242150958+00:00,25.436823333333333,-81.36317666666667,30.0,,TD
AL141968,GLADYS,1968,1968-10-19 02:29:29.369702205+00:00,28.54907269754769,-82.8509273024523,85.0,977.6228728959865,HU
AL191969,UNNAMED,1969,1969-09-21 12:25:19.974470927+00:00,30.142211968889118,-86.0929646718518,30.0,,TD
AL231969,UNNAMED,1969,1969-10-01 15:27:16.988488007+00:00,30.236368195647987,-86.78636401630399,40.68160121944176,998.4547190244466,TS
AL241969,JENNY,1969,1969-10-02 13:33:18.904761966+00:00,24.563014024390206,-82.22221128048781,40.0,1000.2592085537948,TS
AL011970,ALMA,1970,1970-05-25 03:47:11.754899346+00:00,28.946418957345973,-83.08452701421801,30.0,,TD
AL021970,BECKY,1970,1970-07-22 08:42:26.828940892+00:00,29.506076463245495,-85.36464117891816,41.615684395523445,1007.0,TS
AL131970,FELICE,1970,1970-09-13 15:32:56.865752900+00:00,24.881655085565253,-80.59172457217375,27.957607813171467,,TD
AL161970,GRETA,1970,1970-09-27 19:11:53.553674783+00:00,24.45984956542623,-81.59924782713114,34.00149220491123,1006.8002984409823,TS
AL071971,UNNAMED,1971,1971-08-13 04:01:11.911981437+00:00,26.700947691521957,-82.43206974463739,25.0,,TD
AL101971,UNNAMED,1971,1971-08-30 02:01:55.489437041+00:00,25.60152019347037,-80.10608077388149,25.0,,TD
AL201971,UNNAMED,1971,1971-10-14 07:38:14.113782473+00:00,29.49096802631579,-84.85456229323309,-8.836579121608096,,TD
AL021972,AGNES,1972,1972-06-19 18:36:14.213112251+00:00,29.69053147023085,-85.5597637910085,62.986839710878165,,TS
AL131972,DAWN,1972,1972-09-05 12:55:43.321089721+00:00,25.008372273041378,-80.41548175329163,30.0,,TD
AL131973,UNNAMED,1973,1973-09-26 02:25:57.958589471+00:00,29.65944289859155,-81.14612811549296,25.0,,TD
AL021974,UNNAMED,1974,1974-06-25 06:56:26.809476754+00:00,27.703251462032174,-82.93420962657332,46.56796735034939,,TS
AL161974,UNNAMED,1974,1974-09-27 11:28:41.296920469+00:00,28.94771732776618,-83.095851565762,-88.21485269158514,,TD
AL131975,ELOISE,1975,1975-09-23 12:00:54.658606953+00:00,30.207073657607275,-86.29848421622701,109.86082299155302,955.0683232586922,HU
AL011976,UNNAMED,1976,1976-05-23 18:13:35.489566812+00:00,29.845133985554828,-83.92477669074195,40.0,998.0,TS
AL081976,DOTTIE,1976,1976-08-19 13:25:06.695995346+00:00,25.377434174757283,-81.32256582524272,35.0,,TS
AL091979,DAVID,1979,1979-09-03 16:02:06.926524904+00:00,26.905104714033534,-80.00340314268902,85.0,972.3274571053284,HU
AL011980,UNNAMED,1980,1980-07-18 05:50:11.192729291+00:00,29.508168178358208,-81.07549546492537,25.0,,TD
AL171980,UNNAMED,1980,1980-11-17 00:38:40.151266939+00:00,24.485948344057046,-83.02148708601426,30.0,,TD
AL071981,UNNAMED,1981,1981-07-02 14:06:22.432743705+00:00,25.632058283966522,-80.10534304732775,25.0,,TD
AL101981,DENNIS,1981,1981-08-16 19:24:35.040822554+00:00,24.593997320754717,-81.3,35.0,999.5300888127264,TS
AL021982,UNNAMED,1982,1982-06-18 11:45:01.875790756+00:00,28.633237719475275,-82.87510756559031,39.58420175498008,999.1663192980079,TS
AL041983,BARRY,1983,1983-08-25 09:51:46.175208540+00:00,27.9227356322877,-80.41811494169838,32.27434710636621,1012.7725652893633,TD
AL011984,UNNAMED,1984,1984-06-13 19:54:11.305215657+00:00,29.995079263574723,-81.25354470286594,-14.331566978771875,,TD
AL151984,ISIDORE,1984,1984-09-27 13:33:17.069687895+00:00,26.633004237075916,-79.9812255177257,48.70438201669097,1000.2591235966618,TS
AL171984,UNNAMED,1984,1984-10-26 14:43:37.066171644+00:00,27.090853560390702,-80.06310882371166,27.7275309787861,,TD
AL021985,BOB,1985,1985-07-23 11:42:43.922506490+00:00,26.409586138752626,-82.32875841625788,40.0,1004.9520334493745,TS
AL111985,ISABEL,1985,1985-10-10 20:51:56.831546112+00:00,30.586567762875493,-81.38209035050066,35.0,1008.0,TS
AL131985,KATE,1985,1985-11-21 21:18:20.701953367+00:00,29.787457818515122,-85.58597440879927,85.0,967.0,HU
AL031987,UNNAMED,1987,1987-08-15 12:07:33.980138597+00:00,29.797897315163816,-85.58738389098289,15.0,1012.0,TD
AL131987,FLOYD,1987,1987-10-12 15:56:48.588431583+00:00,24.460099025297197,-81.97980194940561,65.0,993.0,HU
AL141987,UNNAMED,1987,1987-11-04 12:23:59.164744894+00:00,27.566504858156026,-82.93349514184398,20.0,,TD
AL141988,UNNAMED,1988,1988-08-14 06:29:47.720923516+00:00,30.5,-81.35793532304609,30.0,,TD
AL121988,KEITH,1988,1988-11-23 06:06:12.891815960+00:00,27.3,-82.7792837902484,55.0,995.0,TS
AL151990,MARCO,1990,1990-10-11 10:07:17.673390474+00:00,27.24953615875265,-82.73738403968815,51.56535338183459,992.4346466181654,TS
AL011991,ANA,1991,1991-06-30 00:25:35.460795242+00:00,25.907105676567657,-80.06395108910891,20.0,1012.0,TD
AL041992,ANDREW,1992,1992-08-24 08:21:12.290770631+00:00,25.488248415841582,-80.09423574257426,143.2379543291111,927.2921668253185,HU
AL011994,ALBERTO,1994,1994-07-03 14:01:53.477152966+00:00,30.238545040214476,-86.56458198391421,55.0,993.0,TS
AL031994,BERYL,1994,1994-08-15 18:46:17.676854573+00:00,29.912857201803053,-85.68714279819694,45.642980753373514,1003.4856153973012,TS
AL121994,GORDON,1994,1994-11-15 11:43:52.906868239+00:00,24.473098838849626,-81.56413178513283,45.0,999.0,TS
AL011995,ALLISON,1995,1995-06-05 11:38:59.731740881+00:00,29.53570828281571,-84.75260231405989,60.0,990.0,TS
AL051995,ERIN,1995,1995-08-03 15:06:13.236986601+00:00,30.19238316831683,-87.0565108910891,78.58529223710974,973.0,HU
AL111995,JERRY,1995,1995-08-23 15:20:47.055694830+00:00,26.734509626615168,-79.9787580221793,35.0,1006.8845318801083,TS
AL171995,OPAL,1995,1995-10-04 21:37:04.641347368+00:00,30.17571056144729,-87.15736435625509,100.95511017543821,941.6179559298247,HU
AL101996,JOSEPHINE,1996,1996-10-08 02:58:22.195663634+00:00,29.894452546676625,-83.99046924570575,60.0,983.0,TS
AL051998,EARL,1998,1998-09-03 05:12:04.114902717+00:00,30.006622467557623,-85.84673612240945,71.33142828577904,986.7337143428442,HU
AL071998,GEORGES,1998,1998-09-25 15:08:05.521350436+00:00,24.437362992839592,-81.747802494033,90.0,981.1043237023463,HU
AL131998,MITCH,1998,1998-11-05 10:39:46.044688073+00:00,26.159458181818184,-81.98108363636364,54.6627901911316,989.0674419617736,TS
AL101999,HARVEY,1999,1999-09-21 16:01:35.978193759+00:00,25.91945990831696,-81.91405899148657,50.0,998.4159963656266,TS
AL131999,IRENE,1999,1999-10-15 18:01:45.004358070+00:00,25.102915770392748,-81.29708422960725,65.07291969310462,986.014583938621,HU
AL112000,GORDON,2000,2000-09-18 01:56:51.042305998+00:00,29.15963717472119,-83.2701814126394,56.75414708055648,990.2983411677774,TS
AL122000,HELENE,2000,2000-09-22 10:26:25.240280589+00:00,30.23982251789873,-86.75610648926076,38.899138694035386,1004.7002871019882,TS
AL032001,BARRY,2001,2001-08-06 03:55:51.145745247+00:00,30.20752032750791,-86.3,60.0,990.4276504727503,TS
AL082001,GABRIELLE,2001,2001-09-14 11:49:50.946592120+00:00,27.063283552631578,-82.62824342105263,59.71803082968535,983.2537722532832,TS
AL052002,EDOUARD,2002,2002-09-05 00:13:33.144806771+00:00,29.4,-81.0301164735745,35.0,1008.3011647432487,TS
AL122003,HENRI,2003,2003-09-06 08:04:28.949388189+00:00,27.838278423407917,-83.01602551807228,30.0,1005.6915693877953,TD
AL022004,BONNIE,2004,2004-08-12 13:42:48.369967868+00:00,29.513888293515354,-85.24351951080774,40.71640974453578,1002.0,TS
AL032004,CHARLEY,2004,2004-08-13 18:55:43.656430509+00:00,26.3653531694696,-82.29385873221216,127.65369557976967,943.8155653042764,HU
AL062004,FRANCES,2004,2004-09-05 03:54:32.668721922+00:00,27.173717367170624,-80.0948694686825,90.65658372780167,959.7373665088793,HU
AL092004,IVAN,2004,2004-09-21 02:23:31.068567807+00:00,26.020227539860326,-80.05897607062853,25.0,1009.0,TD
AL112004,JEANNE,2004,2004-09-26 03:29:33.822664013+00:00,27.187313234413676,-80.09850587530943,105.0,950.1268178705546,HU
AL012005,ARLENE,2005,2005-06-11 18:08:47.584794615+00:00,30.129308796169628,-87.5,50.0,991.0,TS
AL042005,DENNIS,2005,2005-07-10 18:53:56.297894059+00:00,30.19961133960047,-87.01984453584019,107.00342787587125,944.397257699303,HU
AL122005,KATRINA,2005,2005-08-26 20:02:01.669008060+00:00,24.7982387182151,-82.83744299083143,86.69483078890292,964.9493045799748,HU
AL222005,TAMMY,2005,2005-10-05 22:11:01.170146625+00:00,30.252935887642103,-81.31829771535674,45.0,1001.8367316748125,TS
AL252005,WILMA,2005,2005-10-24 10:01:09.905397210+00:00,25.803661918103447,-81.84985923850574,105.53397981567572,950.3203878894054,HU
AL012006,ALBERTO,2006,2006-06-13 15:24:28.141257451+00:00,29.80285413043478,-83.79714586956521,41.21353664893457,997.5145853404262,TS
AL062006,ERNESTO,2006,2006-08-30 02:48:21.247285566+00:00,24.88705590499195,-80.58705590499194,40.0,1003.0646993254105,TS
AL022007,BARRY,2007,2007-06-02 13:27:07.408862868+00:00,27.362918238805968,-82.83708176119403,32.73970991268231,1000.0,TD
AL102007,TEN,2007,2007-09-21 22:36:30.016334375+00:00,30.237477585964914,-86.56069507368422,26.15971844111688,1005.7680563117766,TD
AL062008,FAY,2008,2008-08-19 07:13:06.499725577+00:00,25.67721472392638,-81.71139263803681,55.0,992.6707576589158,TS
AL042009,CLAUDETTE,2009,2009-08-17 03:38:16.580974259+00:00,30.196663287671235,-86.26277383561644,41.692782582257706,1005.0,TS
AL032010,BONNIE,2010,2010-07-23 14:22:16.310099604+00:00,25.36906366782007,-80.1742197231834,35.0,1006.9484788999561,TS
AL022012,BERYL,2012,2012-05-28 03:35:00.431673992+00:00,30.18599735328153,-81.30198147297072,55.69985610866903,993.8600287782662,TS
AL042012,DEBBY,2012,2012-06-26 20:04:46.645920598+00:00,29.269311373895977,-83.35344313052012,35.0,995.0,TS
AL092012,ISAAC,2012,2012-08-27 02:24:05.656185198+00:00,24.51985781732983,-82.99982227166228,50.0,989.5997381395741,TS
AL012013,ANDREA,2013,2013-06-06 21:12:18.896936916+00:00,29.38068929394091,-83.49942558838258,50.99343856357072,992.1986877127141,TS
AL032016,COLIN,2016,2016-06-07 01:34:29.165669091+00:00,29.714864476792084,-83.74898716561384,45.0,1001.0,TS
AL092016,HERMINE,2016,2016-09-02 03:44:29.892138050+00:00,29.747996495817763,-84.32400222993415,70.0,981.6394048345403,HU
AL062017,EMILY,2017,2017-07-31 13:18:44.597132745+00:00,27.5,-82.90910725118484,47.3861601680533,1002.0455359327786,TS
AL112017,IRMA,2017,2017-09-10 12:18:29.159079162+00:00,24.561624511494255,-81.5,115.0,931.0,HU
AL012018,ALBERTO,2018,2018-05-28 19:40:57.433161445+00:00,30.080411838565023,-85.95608236771301,42.19563279562709,991.5608734408746,TS
AL072018,GORDON,2018,2018-09-03 11:02:35.222589168+00:00,24.963190084690556,-80.45398760586319,44.08052171502235,1006.1838956569956,TS
AL142018,MICHAEL,2018,2018-10-10 16:41:49.937249778+00:00,29.85382911111111,-85.61693671111111,137.81055852255957,921.1894414774404,HU
AL162019,NESTOR,2019,2019-10-19 16:11:18.441795126+00:00,29.92786110169492,-85.70237655367232,40.0,998.0942280271009,TS
AL062020,FAY,2020,2020-07-06 04:47:04.563135104+00:00,29.697165828220864,-85.56226733742331,30.0,1008.0,TD
AL192020,SALLY,2020,2020-09-12 05:17:33.601983870+00:00,25.6,-80.1056886877828,30.0,1003.1178887970431,TD
AL292020,ETA,2020,2020-11-09 03:30:13.336652486+00:00,24.85032299843505,-80.62548449765258,55.0,993.0,TS
AL052021,ELSA,2021,2021-07-07 13:11:28.654436165+00:00,29.433531922837577,-83.55235258245177,55.0,999.476517159574,TS
AL062021,FRED,2021,2021-08-16 18:03:52.827921934+00:00,29.512934406779664,-85.4,55.0,991.0,TS
AL132021,MINDY,2021,2021-09-09 00:03:30.720886672+00:00,29.50936,-85.38596000000001,45.234134318525406,1000.9531731362949,TS
AL012022,ALEX,2022,2022-06-04 12:03:23.650259413+00:00,26.209400553377908,-81.98495911459534,35.047141263753076,1001.9905717472494,TS
AL092022,IAN,2022,2022-09-28 17:55:39.427760989+00:00,26.59275962264152,-82.40362018867924,135.06031764791916,937.9879364704161,HU
AL172022,NICOLE,2022,2022-11-10 07:38:56.490945277+00:00,27.582674843033843,-80.27112473838973,65.0,980.0,HU
AL102023,IDALIA,2023,2023-08-30 11:00:45.314949050+00:00,29.68532670550162,-83.73417080906148,104.02225007719625,947.8547999588287,HU
AL042024,DEBBY,2024,2024-08-05 09:53:42.260171423+00:00,29.56732730769231,-83.58844846153846,70.0,979.220985546032,HU
AL092024,HELENE,2024,2024-09-27 02:40:44.608618766+00:00,29.79964466223699,-83.79247169435216,120.0,939.3079634002164,HU
AL142024,MILTON,2024,2024-10-09 23:46:22.392910738+00:00,27.262055149207477,-82.74932830603028,105.37852180058387,955.5836260193578,HU
